saved_at_utc,saved_at_manila,target_manila,target_utc,frozen_manila,pagasa_exact_temperature,v21_final,v21_estimated,v22_final,metar_last_residual,metar_residual_ewma,pagasa_residual,pagasa_ewma,pagasa_observation_number,weather_regime,convective_score,convective_risk,station_spread,network_change_5m,network_change_15m,ipar_temperature,itag_temperature,ipas_temperature,sonoff_temperature,sonoff_humidity,source
2026-08-24T00:57:00Z,2026-08-24 08:57:00,2026-08-24 09:00,2026-08-24 01:00Z,2026-08-24 08:55:30,31.1,31.0,31.47,,,,-0.37,-0.37,1,convective,3,moderate,0.9,0.01,0.34,31.8333333333333,32.1,31.8,,,PAGASA_phone_historical
2026-08-25T03:57:00Z,2026-08-25 11:57:00,2026-08-25 12:00,2026-08-25 04:00Z,2026-08-25 11:55:30,31.4,32.0,31.59,,,,-0.19,-0.31,2,stable,1,low,0.57,-0.04,-0.22,31.7777777777778,31.8,32.9,,,PAGASA_phone_historical
2026-08-25T04:57:00Z,2026-08-25 12:57:00,2026-08-25 13:00,2026-08-25 05:00Z,2026-08-25 12:55:30,30.9,32.0,31.82,,,,-0.92,-0.52,3,convective,4,moderate,1.07,-0.36,-0.48,32.2777777777778,31.6,33.2,,,PAGASA_phone_historical
2026-08-25T05:57:00Z,2026-08-25 13:57:00,2026-08-25 14:00,2026-08-25 06:00Z,2026-08-25 13:55:30,30.5,31.0,30.85,,,,-0.35,-0.46,4,stable,1,low,0.66,-0.07,-0.21,31.2222222222222,30.9,31.7,,,PAGASA_phone_historical
2026-08-26T02:57:21Z,2026-08-26 10:57:21,2026-08-26 11:00,2026-08-26 03:00Z,2026-08-26 10:55:30,32.0,33.0,33.46,33.0,-1.05,-0.56,-1.46,-0.81,5,heating,1,low,1.22,0.32,0.34,33.7777777777778,32.9,33.9,29.6,72.6,PAGASA_phone
2026-08-27T03:57:09Z,2026-08-27 11:57:09,2026-08-27 12:00,2026-08-27 04:00Z,2026-08-27 11:55:30,31.6,32.0,32.15,32.0,-0.59,-0.18,-0.55,-0.72,6,stable,1,low,0.8,0.02,0.22,32.5555555555556,32.1,33.0,29.6,81.3,PAGASA_phone
2026-08-27T05:57:57Z,2026-08-27 13:57:57,2026-08-27 14:00,2026-08-27 06:00Z,2026-08-27 13:55:30,31.9,32.0,32.35,32.0,-0.46,-0.33,-0.45,-0.63,7,outflow,5,high,0.88,-0.31,0.21,32.4444444444444,31.9,33.2,30.0,78.1,PAGASA_phone
2026-08-30T01:57:11Z,2026-08-30 09:57:11,2026-08-30 10:00,2026-08-30 02:00Z,2026-08-30 09:55:30,29.4,29.0,29.11,29.0,0.51,0.87,0.29,-0.31,8,stable,1,low,0.68,0.03,-0.16,29.4444444444444,29.1,30.1,28.1,82.6,PAGASA_phone
2026-08-31T01:56:51Z,2026-08-31 09:56:51,2026-08-31 10:00,2026-08-31 02:00Z,2026-08-31 09:55:30,31.9,32.0,31.6,32.0,0.5,0.79,0.3,-0.1,9,stable,1,low,0.57,0.04,0.31,31.7777777777778,31.9,33.0,29.6,75.2,PAGASA_phone
2026-08-31T03:57:08Z,2026-08-31 11:57:08,2026-08-31 12:00,2026-08-31 04:00Z,2026-08-31 11:55:30,32.2,32.0,32.22,32.0,0.4,0.58,-0.02,-0.07,10,stable,1,low,1.37,0.1,0.34,32.6111111111111,31.9,33.8,30.2,71.2,PAGASA_phone
2026-08-31T04:56:58Z,2026-08-31 12:56:58,2026-08-31 13:00,2026-08-31 05:00Z,2026-08-31 12:55:30,32.8,33.0,32.62,33.0,-0.22,-0.22,0.18,0.02,11,stable,1,low,0.57,-0.07,-0.02,32.9444444444444,32.9,34.0,30.8,70.1,PAGASA_phone
2026-09-01T03:56:54Z,2026-09-01 11:56:54,2026-09-01 12:00,2026-09-01 04:00Z,2026-09-01 11:55:30,32.8,33.0,32.8,33.0,-0.42,-0.16,0.0,0.01,12,stable,1,low,0.57,0.1,0.06,33.0555555555556,32.9,34.0,30.2,74.0,PAGASA_phone
2026-09-01T03:57:03Z,2026-09-01 11:57:03,2026-09-01 12:00,2026-09-01 04:00Z,2026-09-01 11:55:30,32.2,33.0,32.8,33.0,-0.42,-0.16,-0.6,-0.2,13,stable,1,low,0.57,0.1,0.06,33.0555555555556,32.9,34.0,30.2,74.0,PAGASA_phone
2026-09-03T00:58:20Z,2026-09-03 08:58:20,2026-09-03 09:00,2026-09-03 01:00Z,2026-09-03 08:55:30,30.6,30.0,30.47,31.0,0.95,0.97,0.13,-0.08,14,stable,2,low,2.2,0.1,0.05,31.5555555555556,29.7,30.4,28.6,79.7,PAGASA_phone
2026-09-03T02:57:04Z,2026-09-03 10:57:04,2026-09-03 11:00,2026-09-03 03:00Z,2026-09-03 10:55:30,32.0,32.0,31.86,33.0,1.34,1.08,0.14,-0.0,15,stable,1,low,1.08,0.04,0.03,32.4444444444444,31.7,32.3,29.2,77.8,PAGASA_phone
2026-09-04T01:57:10Z,2026-09-04 09:57:10,2026-09-04 10:00,2026-09-04 02:00Z,2026-09-04 09:55:30,28.5,28.0,28.35,28.0,0.02,0.67,0.15,0.05,16,heating,,none,0.51,0.29,0.72,28.4444444444444,28.3,28.8,26.6,90.9,PAGASA_phone
2026-09-05T01:56:55Z,2026-09-05 09:56:55,2026-09-05 10:00,2026-09-05 02:00Z,2026-09-05 09:55:30,28.7,28.0,28.41,29.0,2.0,1.3,0.29,0.13,17,heating,1,low,0.15,0.17,0.51,28.2777777777778,28.7,29.3,26.2,88.6,PAGASA_phone
2026-09-06T01:56:41Z,2026-09-06 09:56:41,2026-09-06 10:00,2026-09-06 02:00Z,2026-09-06 09:55:30,29.3,29.0,28.64,30.0,1.66,1.42,0.66,0.32,18,stable,1,low,0.13,0.12,0.26,28.8333333333333,29.2,29.6,26.6,90.2,PAGASA_phone
2026-09-06T02:58:41Z,2026-09-06 10:58:41,2026-09-06 11:00,2026-09-06 03:00Z,2026-09-06 10:55:30,29.0,29.0,29.47,30.0,0.36,0.84,-0.47,0.04,19,convective,3,moderate,1.56,-0.13,-0.65,30.2222222222222,29.0,30.0,27.2,86.2,PAGASA_phone
2026-09-06T03:56:49Z,2026-09-06 11:56:49,2026-09-06 12:00,2026-09-06 04:00Z,2026-09-06 11:55:30,29.6,30.0,30.13,30.0,-0.47,0.12,-0.53,-0.16,20,heating,1,low,0.72,-0.04,0.44,30.2777777777778,29.9,30.5,27.6,84.9,PAGASA_phone
2026-09-08T03:57:01Z,2026-09-08 11:57:01,2026-09-08 12:00,2026-09-08 04:00Z,2026-09-08 11:55:30,28.3,28.0,28.24,28.0,-0.44,0.07,0.06,-0.08,21,stable,2,low,0.13,-0.12,-0.06,28.3333333333333,28.8,29.3,27.2,83.8,PAGASA_phone
2026-09-08T05:57:09Z,2026-09-08 13:57:09,2026-09-08 14:00,2026-09-08 06:00Z,2026-09-08 13:55:30,27.3,27.0,27.47,27.0,-0.15,-0.13,-0.17,-0.11,22,stable,,none,1.13,0.15,0.37,27.3333333333333,28.8,28.6,27.4,86.8,PAGASA_phone
2026-09-09T01:57:06Z,2026-09-09 09:57:06,2026-09-09 10:00,2026-09-09 02:00Z,2026-09-09 09:55:30,26.7,26.0,26.21,27.0,0.6,0.6,0.49,0.1,23,stable,,none,1.14,0.1,0.17,26.6666666666667,26.6,26.4,25.8,93.2,PAGASA_phone
2026-09-09T02:57:03Z,2026-09-09 10:57:03,2026-09-09 11:00,2026-09-09 03:00Z,2026-09-09 10:55:30,27.5,27.0,26.83,27.0,0.79,0.7,0.67,0.3,24,stable,1,low,1.21,,-0.02,27.4444444444444,26.7,27.1,26.2,91.2,PAGASA_phone
2026-09-09T03:57:01Z,2026-09-09 11:57:01,2026-09-09 12:00,2026-09-09 04:00Z,2026-09-09 11:55:30,29.0,29.0,29.03,30.0,1.17,0.96,-0.03,0.18,25,heating,1,low,0.79,0.29,0.56,29.2222222222222,28.8,29.3,27.2,88.2,PAGASA_phone
2026-09-09T04:56:56Z,2026-09-09 12:56:56,2026-09-09 13:00,2026-09-09 05:00Z,2026-09-09 12:55:30,29.9,29.0,29.41,29.0,-0.03,0.42,0.49,0.29,26,stable,1,low,1.25,0.09,0.22,30.1111111111111,29.2,29.9,28.0,82.1,PAGASA_phone
2026-09-14T04:57:47Z,2026-09-14 12:57:47,2026-09-14 13:00,2026-09-14 05:00Z,2026-09-14 12:55:30,31.5,32.0,32.21,32.0,-0.51,-0.48,-0.71,-0.06,27,convective,3,moderate,0.43,-0.17,-0.09,32.3333333333333,33.1,33.2,31.8,71.1,PAGASA_phone
2026-09-14T05:59:23Z,2026-09-14 13:59:23,2026-09-14 14:00,2026-09-14 06:00Z,2026-09-14 13:55:30,32.0,33.0,32.76,33.0,-0.21,-0.33,-0.76,-0.3,28,stable,2,low,0.53,0.01,0.36,32.8888888888889,33.6,33.6,32.0,63.8,PAGASA_phone
2026-09-14T06:58:12Z,2026-09-14 14:58:12,2026-09-14 15:00,2026-09-14 07:00Z,2026-09-14 14:55:30,31.6,32.0,31.85,31.0,-0.76,-0.57,-0.25,-0.28,29,convective,3,moderate,1.73,-0.46,-0.69,32.3888888888889,31.0,33.1,31.2,65.7,PAGASA_phone
2026-09-14T07:57:39Z,2026-09-14 15:57:39,2026-09-14 16:00,2026-09-14 08:00Z,2026-09-14 15:55:30,32.3,34.0,33.51,34.0,0.15,-0.17,-1.21,-0.61,30,heating,1,low,1.86,0.21,-0.21,32.5,34.7,34.4,32.4,61.6,PAGASA_phone
2026-09-16T02:57:18Z,2026-09-16 10:57:18,2026-09-16 11:00,2026-09-16 03:00Z,2026-09-16 10:55:30,31.8,31.0,31.17,31.0,-0.49,-0.67,0.63,-0.18,31,convective,4,moderate,1.87,-0.17,-0.21,32.0,31.6,31.0,29.9,75.4,PAGASA_phone
2026-09-17T05:57:33Z,2026-09-17 13:57:33,2026-09-17 14:00,2026-09-17 06:00Z,2026-09-17 13:55:30,31.2,32.0,32.03,31.0,-0.71,-0.35,-0.83,-0.41,32,outflow,5,high,2.82,-0.16,0.33,30.4444444444444,33.6,32.5,30.6,74.6,PAGASA_phone
2026-09-18T02:59:59Z,2026-09-18 10:59:59,2026-09-18 11:00,2026-09-18 03:00Z,2026-09-18 10:55:30,31.5,32.0,32.31,33.0,0.36,0.63,-0.81,-0.55,33,heating,,none,1.42,0.11,0.49,31.4444444444444,33.2,33.3,29.0,78.0,PAGASA_phone
2026-09-19T02:57:18Z,2026-09-19 10:57:18,2026-09-19 11:00,2026-09-19 03:00Z,2026-09-19 10:55:30,32.2,32.0,32.42,32.0,-0.26,-0.29,-0.22,-0.43,34,convective,3,moderate,1.5,-0.17,0.24,32.0555555555556,33.9,33.6,29.5,76.6,PAGASA_phone
2026-09-19T03:57:46Z,2026-09-19 11:57:46,2026-09-19 12:00,2026-09-19 04:00Z,2026-09-19 11:55:30,33.6,33.0,33.08,33.0,-0.42,-0.36,0.52,-0.1,35,convective,4,moderate,1.49,-0.23,0.18,32.6666666666667,34.5,34.8,30.3,72.2,PAGASA_phone
2026-09-19T04:56:50Z,2026-09-19 12:56:50,2026-09-19 12:00,2026-09-19 04:00Z,2026-09-19 11:55:30,34.3,33.0,33.08,33.0,-0.08,-0.21,1.22,0.36,36,convective,4,moderate,1.49,-0.23,0.18,32.6666666666667,34.5,34.8,31.5,64.3,PAGASA_phone
2026-09-20T02:57:25Z,2026-09-20 10:57:25,2026-09-20 11:00,2026-09-20 03:00Z,2026-09-20 10:55:30,32.2,32.0,32.32,31.0,-1.1,-1.51,-0.12,0.19,37,convective,4,moderate,1.63,-0.23,-0.21,32.5555555555556,33.4,32.3,29.7,71.0,PAGASA_phone
2026-09-20T03:56:55Z,2026-09-20 11:56:55,2026-09-20 12:00,2026-09-20 04:00Z,2026-09-20 11:55:30,32.6,33.0,32.96,33.0,-0.32,-0.86,-0.36,-0.0,38,stable,1,low,1.03,0.02,0.2,33.0555555555556,34.0,33.5,30.5,65.6,PAGASA_phone
2026-09-21T02:57:26Z,2026-09-21 10:57:26,2026-09-21 11:00,2026-09-21 03:00Z,2026-09-21 10:55:30,30.9,32.0,31.82,31.0,-1.01,-0.65,-0.92,-0.32,39,stable,,none,0.61,-0.04,0.15,32.1666666666667,31.9,32.6,29.6,76.2,PAGASA_phone
2026-09-22T03:57:01Z,2026-09-22 11:57:01,2026-09-22 12:00,2026-09-22 04:00Z,2026-09-22 11:55:30,31.9,33.0,32.5,32.0,-0.34,-0.17,-0.6,-0.42,40,heating,1,low,0.81,0.4,0.38,32.6666666666667,32.2,33.0,30.0,76.0,PAGASA_phone
2026-09-22T04:57:43Z,2026-09-22 12:57:43,2026-09-22 13:00,2026-09-22 05:00Z,2026-09-22 12:55:30,31.9,32.0,32.28,31.0,-1.5,-0.9,-0.38,-0.41,41,stable,1,low,0.84,-0.01,-0.14,32.2222222222222,33.4,33.4,31.2,71.9,PAGASA_phone
2026-09-26T04:57:43Z,2026-09-26 12:57:43,2026-09-26 13:00,2026-09-26 05:00Z,2026-09-26 12:55:30,32.1,33.0,32.61,33.0,0.99,0.17,-0.51,-0.45,42,stable,1,low,1.23,0.09,-0.01,32.6666666666667,34.0,33.3,32.8,64.5,PAGASA_phone
2026-09-27T05:57:29Z,2026-09-27 13:57:29,2026-09-27 14:00,2026-09-27 06:00Z,2026-09-27 13:55:30,32.9,33.0,32.71,33.0,0.0,0.38,0.19,-0.23,43,stable,1,low,1.98,0.12,0.1,33.6111111111111,32.3,32.5,32.0,66.1,PAGASA_phone
2026-09-28T04:58:23Z,2026-09-28 12:58:23,2026-09-28 13:00,2026-09-28 05:00Z,2026-09-28 12:55:30,32.0,33.0,33.09,33.0,-0.16,-0.15,-1.09,-0.53,44,stable,2,low,1.53,-0.18,0.38,33.1111111111111,34.6,33.6,31.8,64.1,PAGASA_phone
2026-09-28T05:58:34Z,2026-09-28 13:58:34,2026-09-28 14:00,2026-09-28 06:00Z,2026-09-28 13:55:30,32.1,33.0,32.62,32.0,-1.09,-0.67,-0.52,-0.53,45,convective,4,moderate,0.43,-0.4,-0.64,32.6666666666667,33.4,33.5,32.4,62.7,PAGASA_phone
2026-09-28T07:01:02Z,2026-09-28 15:01:02,2026-09-28 15:00,2026-09-28 07:00Z,2026-09-28 14:55:30,31.7,32.0,32.38,32.0,-0.62,-0.64,-0.68,-0.58,46,stable,1,low,0.63,-0.12,-0.2,32.3888888888889,33.2,33.1,33.0,64.5,PAGASA_phone
2026-10-02T03:57:04Z,2026-10-02 11:57:04,2026-10-02 12:00,2026-10-02 04:00Z,2026-10-02 11:55:30,33.7,33.0,33.22,34.0,1.79,1.79,0.48,-0.21,47,heating,1,low,1.53,0.32,0.67,33.0555555555556,34.3,33.3,31.9,67.7,PAGASA_phone
2026-10-03T04:58:50Z,2026-10-03 12:58:50,2026-10-03 13:00,2026-10-03 05:00Z,2026-10-03 12:55:30,33.1,34.0,33.63,33.0,-0.54,-0.29,-0.53,-0.32,48,heating,2,low,0.64,-0.16,0.58,33.6666666666667,33.9,33.9,31.4,68.9,PAGASA_phone
2026-10-04T05:56:35Z,2026-10-04 13:56:35,2026-10-04 14:00,2026-10-04 06:00Z,2026-10-04 13:55:30,33.2,34.0,33.73,34.0,0.64,0.68,-0.53,-0.39,49,heating,,none,1.03,0.3,-0.01,33.6111111111111,34.5,34.0,32.5,64.8,PAGASA_phone
2026-10-04T06:56:32Z,2026-10-04 14:56:32,2026-10-04 15:00,2026-10-04 07:00Z,2026-10-04 14:55:30,32.7,33.0,33.2,33.0,-0.73,-0.1,-0.5,-0.43,50,stable,1,low,0.85,0.01,-0.09,33.1111111111111,34.3,34.3,32.7,59.9,PAGASA_phone
2026-10-05T01:57:30Z,2026-10-05 09:57:30,2026-10-05 10:00,2026-10-05 02:00Z,2026-10-05 09:55:30,31.5,33.0,32.78,34.0,1.4,1.26,-1.28,-0.73,51,heating,1,low,2.43,0.22,0.47,32.7777777777778,33.9,32.0,30.9,71.0,PAGASA_phone
2026-10-05T05:57:17Z,2026-10-05 13:57:17,2026-10-05 14:00,2026-10-05 06:00Z,2026-10-05 13:55:30,32.5,33.0,32.77,34.0,1.6,0.91,-0.27,-0.57,52,stable,1,low,0.43,-0.13,0.31,32.8333333333333,33.6,33.8,32.5,64.3,PAGASA_phone
2026-10-06T02:59:07Z,2026-10-06 10:59:07,2026-10-06 11:00,2026-10-06 03:00Z,2026-10-06 10:55:30,32.8,33.0,32.83,33.0,-0.02,0.16,-0.03,-0.38,53,heating,1,low,1.23,0.27,0.55,32.3333333333333,33.8,33.1,30.8,66.3,PAGASA_phone
2026-10-06T03:58:22Z,2026-10-06 11:58:22,2026-10-06 12:00,2026-10-06 04:00Z,2026-10-06 11:55:30,33.1,33.0,32.69,33.0,0.17,0.17,0.41,-0.1,54,stable,1,low,1.66,-0.03,-0.02,32.5,34.5,33.5,32.2,65.3,PAGASA_phone
2026-10-06T04:58:21Z,2026-10-06 12:58:21,2026-10-06 13:00,2026-10-06 05:00Z,2026-10-06 12:55:30,34.0,34.0,34.04,34.0,0.31,0.25,-0.04,-0.08,55,heating,1,low,1.58,0.21,0.29,33.2777777777778,35.2,34.7,33.4,60.1,PAGASA_phone
2026-10-07T02:57:15Z,2026-10-07 10:57:15,2026-10-07 11:00,2026-10-07 03:00Z,2026-10-07 10:55:30,33.3,33.0,32.69,32.0,-1.22,-0.45,0.61,0.16,56,stable,2,low,5.13,0.11,0.22,32.8888888888889,35.1,30.5,29.3,75.9,PAGASA_phone
2026-10-07T03:56:54Z,2026-10-07 11:56:54,2026-10-07 12:00,2026-10-07 04:00Z,2026-10-07 11:55:30,31.5,33.0,32.57,33.0,0.31,-0.03,-1.07,-0.27,57,outflow,6,high,4.0,0.01,-0.45,33.8333333333333,32.6,30.7,29.3,76.8,PAGASA_phone
2026-10-07T05:56:59Z,2026-10-07 13:56:59,2026-10-07 14:00,2026-10-07 06:00Z,2026-10-07 13:55:30,32.6,33.0,32.73,34.0,2.0,0.95,-0.13,-0.22,58,heating,1,low,1.56,0.27,0.72,32.8888888888889,33.2,32.2,31.1,70.7,PAGASA_phone
2026-10-07T06:57:05Z,2026-10-07 14:57:05,2026-10-07 15:00,2026-10-07 07:00Z,2026-10-07 14:55:30,32.8,33.0,33.11,33.0,0.27,0.58,-0.31,-0.25,59,stable,1,low,2.34,0.03,0.04,33.6666666666667,33.6,32.2,32.7,66.7,PAGASA_phone
