target_manila,frozen_at_manila,computed_at_utc,formula_version,prediction,estimate,original_prediction,original_estimate,rule_active,delta,core_snapshot,local_snapshot,input_capture_utc,source_updated_unix
2026-10-05 19:00,2026-10-05 18:55:30,2026-10-05T10:55:45.172169+00:00,v25_local_cold_20261005_01,29,29.42,29,29.42,False,0,"{""b"":28.9,""be"":0.52,""br"":0.52,""cr"":""low"",""cs"":1,""e"":29.42,""f"":""2026-10-05 18:55:30"",""m"":29,""n15"":-0.04,""n5"":0.0,""r"":""stable"",""rec"":0,""sp"":2.25,""tm"":""2026-10-05 19:00"",""tu"":""2026-10-05 11:00Z"",""v"":29,""w"":""calm""}","{""base"":28.9,""delta"":0,""itag_blend"":27.220000000000002,""rule_active"":false,""valid"":true,""values"":{""base"":""28.9"",""bf"":1.0,""g"":""27.7"",""g10"":""27.7"",""p"":""29.6111111111111"",""rg"":""0.0"",""rp"":""0.0"",""rs"":""0.0"",""rw"":0.78,""s"":""30.4"",""wt"":0.25}}",2026-10-05T10:55:30.273067+00:00,[1791197730.296802]
2026-10-05 20:00,2026-10-05 19:55:30,2026-10-05T11:55:45.172217+00:00,v25_local_cold_20261005_01,29,29.48,29,29.48,False,0,"{""b"":28.97,""be"":0.51,""br"":0.51,""cr"":""low"",""cs"":1,""e"":29.48,""f"":""2026-10-05 19:55:30"",""m"":29,""n15"":-0.01,""n5"":0.0,""r"":""stable"",""rec"":0,""sp"":2.86,""tm"":""2026-10-05 20:00"",""tu"":""2026-10-05 12:00Z"",""v"":29,""w"":""upstream""}","{""base"":28.97,""delta"":0,""itag_blend"":26.72,""rule_active"":false,""valid"":true,""values"":{""base"":""28.97"",""bf"":1.0,""g"":""27.2"",""g10"":""27.2"",""p"":""29.7222222222222"",""rg"":""0.0"",""rp"":""0.0"",""rs"":""0.0"",""rw"":0.78,""s"":""30.3"",""wt"":0.2}}",2026-10-05T11:55:30.272790+00:00,[1791201330.295897]
2026-10-05 21:00,2026-10-05 20:55:30,2026-10-05T12:55:45.172856+00:00,v25_local_cold_20261005_01,30,29.64,30,29.64,False,0,"{""b"":28.74,""be"":0.9,""br"":0.9,""cr"":""low"",""cs"":1,""e"":29.64,""f"":""2026-10-05 20:55:30"",""m"":29,""n15"":-0.08,""n5"":0.0,""r"":""stable"",""rec"":0,""sp"":2.53,""tm"":""2026-10-05 21:00"",""tu"":""2026-10-05 13:00Z"",""v"":30,""w"":""upstream""}","{""base"":28.74,""delta"":0,""itag_blend"":26.742,""rule_active"":false,""valid"":true,""values"":{""base"":""28.74"",""bf"":1.0,""g"":""27.2"",""g10"":""27.3"",""p"":""29.3888888888889"",""rg"":""0.0"",""rp"":""0.0"",""rs"":""0.0"",""rw"":0.78,""s"":""30.2"",""wt"":0.2}}",2026-10-05T12:55:30.272688+00:00,[1791204930.296082]
2026-10-05 22:00,2026-10-05 21:55:30,2026-10-05T13:55:45.172581+00:00,v25_local_cold_20261005_01,30,29.69,30,29.69,False,0,"{""b"":28.79,""be"":0.9,""br"":0.9,""cr"":""low"",""cs"":1,""e"":29.69,""f"":""2026-10-05 21:55:30"",""m"":29,""n15"":-0.02,""n5"":0.0,""r"":""stable"",""rec"":0,""sp"":1.62,""tm"":""2026-10-05 22:00"",""tu"":""2026-10-05 14:00Z"",""v"":30,""w"":""upstream""}","{""base"":28.79,""delta"":0,""itag_blend"":27.487,""rule_active"":false,""valid"":true,""values"":{""base"":""28.79"",""bf"":1.0,""g"":""28.0"",""g10"":""27.85"",""p"":""29.2777777777778"",""rg"":""0.0"",""rp"":""0.0"",""rs"":""0.0"",""rw"":0.78,""s"":""30.0"",""wt"":0.2}}",2026-10-05T13:55:30.272670+00:00,[1791208530.296622]
2026-10-05 23:00,2026-10-05 22:55:30,2026-10-05T14:55:45.172026+00:00,v25_local_cold_20261005_01,29,29.03,29,29.03,False,0,"{""b"":28.32,""be"":0.71,""br"":0.71,""cr"":""low"",""cs"":1,""e"":29.03,""f"":""2026-10-05 22:55:30"",""m"":28,""n15"":0.12,""n5"":0.0,""r"":""stable"",""rec"":0,""sp"":1.27,""tm"":""2026-10-05 23:00"",""tu"":""2026-10-05 15:00Z"",""v"":29,""w"":""upstream""}","{""base"":28.32,""delta"":0,""itag_blend"":27.309,""rule_active"":false,""valid"":true,""values"":{""base"":""28.32"",""bf"":1.0,""g"":""27.8"",""g10"":""27.75"",""p"":""28.7222222222222"",""rg"":""0.0"",""rp"":""0.0"",""rs"":""0.0"",""rw"":0.78,""s"":""29.6"",""wt"":0.2}}",2026-10-05T14:55:30.272817+00:00,[1791212130.295701]
2026-10-06 00:00,2026-10-05 23:55:30,2026-10-05T15:55:45.173573+00:00,v25_local_cold_20261005_01,29,28.66,29,28.66,False,0,"{""b"":28.06,""be"":0.6,""br"":0.6,""cr"":""low"",""cs"":1,""e"":28.66,""f"":""2026-10-05 23:55:30"",""m"":28,""n15"":-0.05,""n5"":0.0,""r"":""stable"",""rec"":0,""sp"":2.27,""tm"":""2026-10-06 00:00"",""tu"":""2026-10-05 16:00Z"",""v"":29,""w"":""upstream""}","{""base"":28.06,""delta"":0,""itag_blend"":26.531000000000002,""rule_active"":false,""valid"":true,""values"":{""base"":""28.06"",""bf"":1.0,""g"":""27.0"",""g10"":""27.05"",""p"":""28.5"",""rg"":""0.0"",""rp"":""49.784"",""rs"":""0.0"",""rw"":0.78,""s"":""29.8"",""wt"":0.2}}",2026-10-05T15:55:30.273035+00:00,[1791215730.297208]
2026-10-06 01:00,2026-10-06 00:55:30,2026-10-05T16:55:45.173524+00:00,v25_local_cold_20261005_01,27,26.94,27,26.94,False,0,"{""b"":26.28,""be"":0.66,""br"":0.66,""cr"":""low"",""cs"":2,""e"":26.94,""f"":""2026-10-06 00:55:30"",""m"":26,""n15"":0.0,""n5"":0.0,""r"":""stable"",""rec"":0,""sp"":1.75,""tm"":""2026-10-06 01:00"",""tu"":""2026-10-05 17:00Z"",""v"":27,""w"":""upstream""}","{""base"":26.28,""delta"":0,""itag_blend"":26.22,""rule_active"":false,""valid"":true,""values"":{""base"":""26.28"",""bf"":1.0,""g"":""26.7"",""g10"":""26.7"",""p"":""26.7777777777778"",""rg"":""0.0"",""rp"":""0.0"",""rs"":""8.99"",""rw"":0.78,""s"":""25.9"",""wt"":0.2}}",2026-10-05T16:55:30.273255+00:00,[1791219330.296386]
2026-10-06 02:00,2026-10-06 01:55:30,2026-10-05T17:55:45.172577+00:00,v25_local_cold_20261005_01,26,26.36,26,26.36,False,0,"{""b"":25.8,""be"":0.56,""br"":0.56,""cr"":""low"",""cs"":1,""e"":26.36,""f"":""2026-10-06 01:55:30"",""m"":26,""n15"":-0.05,""n5"":0.0,""r"":""stable"",""rec"":0,""sp"":1.51,""tm"":""2026-10-06 02:00"",""tu"":""2026-10-05 18:00Z"",""v"":26,""w"":""calm""}","{""base"":25.8,""delta"":0,""itag_blend"":25.209,""rule_active"":false,""valid"":true,""values"":{""base"":""25.8"",""bf"":1.0,""g"":""25.7"",""g10"":""25.65"",""p"":""26.4444444444444"",""rg"":""0.0"",""rp"":""0.0"",""rs"":""0.0"",""rw"":0.78,""s"":""25.8"",""wt"":0.25}}",2026-10-05T17:55:30.273354+00:00,[1791222930.29692]
2026-10-06 03:00,2026-10-06 02:55:30,2026-10-05T18:55:45.172317+00:00,v25_local_cold_20261005_01,26,26.35,26,26.35,False,0,"{""b"":25.67,""be"":0.68,""br"":0.68,""cr"":""none"",""cs"":0,""e"":26.35,""f"":""2026-10-06 02:55:30"",""m"":26,""n15"":-0.11,""n5"":0.0,""r"":""stable"",""rec"":0,""sp"":1.37,""tm"":""2026-10-06 03:00"",""tu"":""2026-10-05 19:00Z"",""v"":26,""w"":""calm""}","{""base"":25.67,""delta"":0,""itag_blend"":24.820000000000004,""rule_active"":false,""valid"":true,""values"":{""base"":""25.67"",""bf"":1.0,""g"":""25.3"",""g10"":""25.3"",""p"":""26.3333333333333"",""rg"":""0.0"",""rp"":""0.0"",""rs"":""0.0"",""rw"":0.7,""s"":""26.0"",""wt"":0.25}}",2026-10-05T18:55:30.272962+00:00,[1791226530.296036]
2026-10-06 04:00,2026-10-06 03:55:30,2026-10-05T19:55:45.174265+00:00,v25_local_cold_20261005_01,27,26.66,27,26.66,False,0,"{""b"":25.92,""be"":0.74,""br"":0.74,""cr"":""low"",""cs"":1,""e"":26.66,""f"":""2026-10-06 03:55:30"",""m"":26,""n15"":0.08,""n5"":0.0,""r"":""stable"",""rec"":0,""sp"":1.6,""tm"":""2026-10-06 04:00"",""tu"":""2026-10-05 20:00Z"",""v"":27,""w"":""calm""}","{""base"":25.92,""delta"":0,""itag_blend"":24.82,""rule_active"":false,""valid"":true,""values"":{""base"":""25.92"",""bf"":1.0,""g"":""25.3"",""g10"":""25.3"",""p"":""26.5555555555556"",""rg"":""0.0"",""rp"":""0.0"",""rs"":""0.0"",""rw"":0.78,""s"":""26.8"",""wt"":0.25}}",2026-10-05T19:55:30.272964+00:00,[1791230130.296254]
2026-10-06 05:00,2026-10-06 04:55:30,2026-10-05T20:55:45.172212+00:00,v25_local_cold_20261005_01,26,26.41,26,26.41,False,0,"{""b"":25.84,""be"":0.57,""br"":0.57,""cr"":""none"",""cs"":0,""e"":26.41,""f"":""2026-10-06 04:55:30"",""m"":26,""n15"":0.02,""n5"":0.0,""r"":""stable"",""rec"":0,""sp"":1.27,""tm"":""2026-10-06 05:00"",""tu"":""2026-10-05 21:00Z"",""v"":26,""w"":""calm""}","{""base"":25.84,""delta"":0,""itag_blend"":24.919999999999998,""rule_active"":false,""valid"":true,""values"":{""base"":""25.84"",""bf"":1.0,""g"":""25.4"",""g10"":""25.4"",""p"":""26.2777777777778"",""rg"":""0.0"",""rp"":""0.0"",""rs"":""0.0"",""rw"":0.7,""s"":""27.2"",""wt"":0.25}}",2026-10-05T20:55:30.272978+00:00,[1791233730.296172]
2026-10-06 06:00,2026-10-06 05:55:30,2026-10-05T21:55:45.172909+00:00,v25_local_cold_20261005_01,27,26.5,27,26.5,False,0,"{""b"":25.84,""be"":0.66,""br"":0.66,""cr"":""none"",""cs"":0,""e"":26.5,""f"":""2026-10-06 05:55:30"",""m"":26,""n15"":-0.04,""n5"":0.0,""r"":""stable"",""rec"":0,""sp"":1.07,""tm"":""2026-10-06 06:00"",""tu"":""2026-10-05 22:00Z"",""v"":27,""w"":""upstream""}","{""base"":25.84,""delta"":0,""itag_blend"":25.035,""rule_active"":false,""valid"":true,""values"":{""base"":""25.84"",""bf"":1.0,""g"":""25.5"",""g10"":""25.55"",""p"":""26.1666666666667"",""rg"":""0.0"",""rp"":""0.0"",""rs"":""0.0"",""rw"":0.7,""s"":""27.1"",""wt"":0.2}}",2026-10-05T21:55:30.272405+00:00,[1791237330.295143]
2026-10-06 07:00,2026-10-06 06:55:30,2026-10-05T22:55:45.172948+00:00,v25_local_cold_20261005_01,27,26.68,27,26.68,False,0,"{""b"":26.01,""be"":0.67,""br"":0.67,""cr"":""none"",""cs"":0,""e"":26.68,""f"":""2026-10-06 06:55:30"",""m"":26,""n15"":0.04,""n5"":0.0,""r"":""stable"",""rec"":0,""sp"":0.77,""tm"":""2026-10-06 07:00"",""tu"":""2026-10-05 23:00Z"",""v"":27,""w"":""calm""}","{""base"":26.01,""delta"":0,""itag_blend"":25.705000000000002,""rule_active"":false,""valid"":true,""values"":{""base"":""26.01"",""bf"":1.0,""g"":""26.2"",""g10"":""26.15"",""p"":""26.1666666666667"",""rg"":""0.0"",""rp"":""0.0"",""rs"":""0.0"",""rw"":0.7,""s"":""27.5"",""wt"":0.25}}",2026-10-05T22:55:30.273000+00:00,[1791240930.295848]
2026-10-06 08:00,2026-10-06 07:55:30,2026-10-05T23:55:45.172369+00:00,v25_local_cold_20261005_01,28,27.82,28,27.82,False,0,"{""b"":27.21,""be"":0.61,""br"":0.61,""cr"":""none"",""cs"":0,""e"":27.82,""f"":""2026-10-06 07:55:30"",""m"":27,""n15"":0.37,""n5"":0.0,""r"":""stable"",""rec"":0,""sp"":0.61,""tm"":""2026-10-06 08:00"",""tu"":""2026-10-06 00:00Z"",""v"":28,""w"":""calm""}","{""base"":27.21,""delta"":0,""itag_blend"":27.62,""rule_active"":false,""valid"":true,""values"":{""base"":""27.21"",""bf"":1.0,""g"":""28.1"",""g10"":""28.1"",""p"":""27.2222222222222"",""rg"":""0.0"",""rp"":""0.0"",""rs"":""0.0"",""rw"":0.7,""s"":""28.7"",""wt"":0.25}}",2026-10-05T23:55:30.272636+00:00,[1791244530.296302]
2026-10-06 09:00,2026-10-06 08:55:30,2026-10-06T00:55:45.172767+00:00,v25_local_cold_20261005_01,30,30.37,30,30.37,False,0,"{""b"":30.06,""be"":0.31,""br"":0.31,""cr"":""low"",""cs"":1,""e"":30.37,""f"":""2026-10-06 08:55:30"",""m"":30,""n15"":0.69,""n5"":0.23,""r"":""heating"",""rec"":0,""sp"":1.73,""tm"":""2026-10-06 09:00"",""tu"":""2026-10-06 01:00Z"",""v"":30,""w"":""upstream""}","{""base"":30.06,""delta"":0,""itag_blend"":31.200999999999997,""rule_active"":false,""valid"":true,""values"":{""base"":""30.06"",""bf"":0.25,""g"":""31.4"",""g10"":""30.61"",""p"":""29.4444444444444"",""rg"":""0.0"",""rp"":""0.0"",""rs"":""0.0"",""rw"":0.9,""s"":""30.2"",""wt"":0.3}}",2026-10-06T00:55:30.272608+00:00,[1791248130.296133]
2026-10-06 10:00,2026-10-06 09:55:30,2026-10-06T01:55:45.173713+00:00,v25_local_cold_20261005_01,32,32.09,32,32.09,False,0,"{""b"":32.02,""be"":0.07,""br"":0.07,""cr"":""low"",""cs"":1,""e"":32.09,""f"":""2026-10-06 09:55:30"",""m"":32,""n15"":0.55,""n5"":0.29,""r"":""heating"",""rec"":0,""sp"":1.63,""tm"":""2026-10-06 10:00"",""tu"":""2026-10-06 02:00Z"",""v"":32,""w"":""upstream""}","{""base"":32.02,""delta"":0,""itag_blend"":33.132,""rule_active"":false,""valid"":true,""values"":{""base"":""32.02"",""bf"":0.25,""g"":""33.3"",""g10"":""32.82"",""p"":""31.3333333333333"",""rg"":""0.0"",""rp"":""0.0"",""rs"":""0.0"",""rw"":0.9,""s"":""32.3"",""wt"":0.3}}",2026-10-06T01:55:30.273213+00:00,[1791251730.296278]
2026-10-06 11:00,2026-10-06 10:55:30,2026-10-06T02:55:45.172290+00:00,v25_local_cold_20261005_01,33,32.88,33,32.88,False,0,"{""b"":32.83,""be"":0.05,""br"":0.05,""cr"":""low"",""cs"":1,""e"":32.88,""f"":""2026-10-06 10:55:30"",""m"":33,""n15"":0.55,""n5"":0.27,""r"":""heating"",""rec"":0,""sp"":1.23,""tm"":""2026-10-06 11:00"",""tu"":""2026-10-06 03:00Z"",""v"":33,""w"":""upstream""}","{""base"":32.83,""delta"":0,""itag_blend"":33.702,""rule_active"":false,""valid"":true,""values"":{""base"":""32.83"",""bf"":0.25,""g"":""33.8"",""g10"":""34.02"",""p"":""32.3333333333333"",""rg"":""0.0"",""rp"":""0.0"",""rs"":""0.0"",""rw"":0.9,""s"":""33.1"",""wt"":0.3}}",2026-10-06T02:55:30.272767+00:00,[1791255330.295675]
2026-10-06 12:00,2026-10-06 11:55:30,2026-10-06T03:55:45.172341+00:00,v25_local_cold_20261005_01,33,32.68,33,32.68,False,0,"{""b"":32.69,""be"":-0.01,""br"":-0.01,""cr"":""low"",""cs"":1,""e"":32.68,""f"":""2026-10-06 11:55:30"",""m"":33,""n15"":-0.02,""n5"":-0.03,""r"":""stable"",""rec"":0,""sp"":1.66,""tm"":""2026-10-06 12:00"",""tu"":""2026-10-06 04:00Z"",""v"":33,""w"":""upstream""}","{""base"":32.69,""delta"":0,""itag_blend"":33.9848,""rule_active"":false,""valid"":true,""values"":{""base"":""32.69"",""bf"":1.0,""g"":""34.5"",""g10"":""34.34"",""p"":""32.5"",""rg"":""0.0"",""rp"":""0.0"",""rs"":""0.0"",""rw"":0.78,""s"":""33.5"",""wt"":0.2}}",2026-10-06T03:55:30.272548+00:00,[1791258930.295542]
2026-10-06 13:00,2026-10-06 12:55:30,2026-10-06T04:55:45.174332+00:00,v25_local_cold_20261005_01,34,34.16,34,34.16,False,0,"{""b"":34.04,""be"":0.12,""br"":0.12,""cr"":""low"",""cs"":1,""e"":34.16,""f"":""2026-10-06 12:55:30"",""m"":34,""n15"":0.29,""n5"":0.21,""r"":""heating"",""rec"":0,""sp"":1.58,""tm"":""2026-10-06 13:00"",""tu"":""2026-10-06 05:00Z"",""v"":34,""w"":""upstream""}","{""base"":34.04,""delta"":0,""itag_blend"":35.03300000000001,""rule_active"":false,""valid"":true,""values"":{""base"":""34.04"",""bf"":0.25,""g"":""35.2"",""g10"":""34.73"",""p"":""33.2777777777778"",""rg"":""0.0"",""rp"":""0.0"",""rs"":""0.0"",""rw"":0.9,""s"":""34.7"",""wt"":0.3}}",2026-10-06T04:55:30.272932+00:00,[1791262530.295536]
2026-10-06 14:00,2026-10-06 13:55:30,2026-10-06T05:55:45.172531+00:00,v25_local_cold_20261005_01,33,32.94,33,32.94,False,0,"{""b"":32.94,""be"":-0.0,""br"":-0.0,""cr"":""moderate"",""cs"":4,""e"":32.94,""f"":""2026-10-06 13:55:30"",""m"":33,""n15"":-0.85,""n5"":-0.15,""r"":""convective"",""rec"":0,""sp"":1.14,""tm"":""2026-10-06 14:00"",""tu"":""2026-10-06 06:00Z"",""v"":33,""w"":""upstream""}","{""base"":32.94,""delta"":0,""itag_blend"":32.25840000000001,""rule_active"":false,""valid"":true,""values"":{""base"":""32.94"",""bf"":1.0,""g"":""32.7"",""g10"":""33.02"",""p"":""33.5"",""rg"":""0.0"",""rp"":""0.0"",""rs"":""0.0"",""rw"":0.88,""s"":""33.5"",""wt"":0.25}}",2026-10-06T05:55:30.272125+00:00,[1791266130.296303]
2026-10-06 15:00,2026-10-06 14:55:30,2026-10-06T06:55:45.172981+00:00,v25_local_cold_20261005_01,29,29.1,29,29.1,False,0,"{""b"":28.82,""be"":0.28,""br"":0.28,""cr"":""low"",""cs"":2,""e"":29.1,""f"":""2026-10-06 14:55:30"",""m"":29,""n15"":-0.54,""n5"":-0.07,""r"":""cooling"",""rec"":0,""sp"":2.75,""tm"":""2026-10-06 15:00"",""tu"":""2026-10-06 07:00Z"",""v"":29,""w"":""upstream""}","{""base"":28.82,""delta"":0,""itag_blend"":27.461000000000002,""rule_active"":false,""valid"":true,""values"":{""base"":""28.82"",""bf"":0.5,""g"":""27.7"",""g10"":""27.71"",""p"":""30.1111111111111"",""rg"":""0.0"",""rp"":""0.0"",""rs"":""0.0"",""rw"":0.9,""s"":""28.7"",""wt"":0.3}}",2026-10-06T06:55:30.272215+00:00,[1791269730.295615]
2026-10-06 16:00,2026-10-06 15:55:30,2026-10-06T07:55:45.172298+00:00,v25_local_cold_20261005_01,30,29.55,30,29.55,False,0,"{""b"":29.43,""be"":0.12,""br"":0.46,""cr"":""low"",""cs"":2,""e"":29.55,""f"":""2026-10-06 15:55:30"",""m"":29,""n15"":0.11,""n5"":0.02,""r"":""stable"",""rec"":1,""sp"":0.25,""tm"":""2026-10-06 16:00"",""tu"":""2026-10-06 08:00Z"",""v"":30,""w"":""upstream""}","{""base"":29.43,""delta"":0,""itag_blend"":29.2288,""rule_active"":false,""valid"":true,""values"":{""base"":""29.43"",""bf"":1.0,""g"":""29.7"",""g10"":""29.74"",""p"":""29.6111111111111"",""rg"":""0.0"",""rp"":""0.0"",""rs"":""0.0"",""rw"":0.78,""s"":""30.3"",""wt"":0.2}}",2026-10-06T07:55:30.273531+00:00,[1791273330.295437]
2026-10-06 17:00,2026-10-06 16:55:30,2026-10-06T08:55:45.172152+00:00,v25_local_cold_20261005_01,30,30.19,30,30.19,False,0,"{""b"":29.54,""be"":0.65,""br"":0.65,""cr"":""none"",""cs"":0,""e"":30.19,""f"":""2026-10-06 16:55:30"",""m"":30,""n15"":-0.09,""n5"":0.0,""r"":""stable"",""rec"":0,""sp"":0.88,""tm"":""2026-10-06 17:00"",""tu"":""2026-10-06 09:00Z"",""v"":30,""w"":""upstream""}","{""base"":29.54,""delta"":0,""itag_blend"":28.965,""rule_active"":false,""valid"":true,""values"":{""base"":""29.54"",""bf"":1.0,""g"":""29.4"",""g10"":""29.55"",""p"":""29.9444444444444"",""rg"":""0.0"",""rp"":""0.0"",""rs"":""0.0"",""rw"":0.7,""s"":""30.2"",""wt"":0.2}}",2026-10-06T08:55:30.272136+00:00,[1791276930.296162]
2026-10-06 18:00,2026-10-06 17:55:30,2026-10-06T09:55:45.173057+00:00,v25_local_cold_20261005_01,30,29.97,30,29.97,False,0,"{""b"":29.24,""be"":0.73,""br"":0.73,""cr"":""low"",""cs"":1,""e"":29.97,""f"":""2026-10-06 17:55:30"",""m"":29,""n15"":-0.03,""n5"":0.0,""r"":""stable"",""rec"":0,""sp"":1.98,""tm"":""2026-10-06 18:00"",""tu"":""2026-10-06 10:00Z"",""v"":30,""w"":""calm""}","{""base"":29.24,""delta"":0,""itag_blend"":27.82,""rule_active"":false,""valid"":true,""values"":{""base"":""29.24"",""bf"":1.0,""g"":""28.3"",""g10"":""28.3"",""p"":""29.9444444444444"",""rg"":""0.0"",""rp"":""0.0"",""rs"":""0.0"",""rw"":0.78,""s"":""30.3"",""wt"":0.25}}",2026-10-06T09:55:30.272909+00:00,[1791280530.294891]
2026-10-06 19:00,2026-10-06 18:55:30,2026-10-06T10:55:45.173199+00:00,v25_local_cold_20261005_01,30,29.71,30,29.71,False,0,"{""b"":28.92,""be"":0.79,""br"":0.79,""cr"":""low"",""cs"":1,""e"":29.71,""f"":""2026-10-06 18:55:30"",""m"":29,""n15"":-0.06,""n5"":0.0,""r"":""stable"",""rec"":0,""sp"":2.46,""tm"":""2026-10-06 19:00"",""tu"":""2026-10-06 11:00Z"",""v"":30,""w"":""calm""}","{""base"":28.92,""delta"":0,""itag_blend"":27.12,""rule_active"":false,""valid"":true,""values"":{""base"":""28.92"",""bf"":1.0,""g"":""27.6"",""g10"":""27.6"",""p"":""29.7222222222222"",""rg"":""0.0"",""rp"":""0.0"",""rs"":""0.0"",""rw"":0.78,""s"":""30.3"",""wt"":0.25}}",2026-10-06T10:55:30.272900+00:00,[1791284130.296244]
2026-10-06 20:00,2026-10-06 19:55:30,2026-10-06T11:55:45.172146+00:00,v25_local_cold_20261005_01,29,29.44,29,29.44,False,0,"{""b"":28.64,""be"":0.8,""br"":0.8,""cr"":""low"",""cs"":1,""e"":29.44,""f"":""2026-10-06 19:55:30"",""m"":29,""n15"":-0.04,""n5"":0.0,""r"":""stable"",""rec"":0,""sp"":2.37,""tm"":""2026-10-06 20:00"",""tu"":""2026-10-06 12:00Z"",""v"":29,""w"":""calm""}","{""base"":28.64,""delta"":0,""itag_blend"":26.919999999999998,""rule_active"":false,""valid"":true,""values"":{""base"":""28.64"",""bf"":1.0,""g"":""27.4"",""g10"":""27.4"",""p"":""29.3333333333333"",""rg"":""0.0"",""rp"":""0.0"",""rs"":""0.0"",""rw"":0.78,""s"":""30.3"",""wt"":0.25}}",2026-10-06T11:55:30.272235+00:00,[1791287730.296555]
2026-10-06 21:00,2026-10-06 20:55:30,2026-10-06T12:55:45.172551+00:00,v25_local_cold_20261005_01,29,29.29,29,29.29,False,0,"{""b"":28.39,""be"":0.9,""br"":0.9,""cr"":""none"",""cs"":0,""e"":29.29,""f"":""2026-10-06 20:55:30"",""m"":28,""n15"":-0.07,""n5"":0.0,""r"":""stable"",""rec"":0,""sp"":0.97,""tm"":""2026-10-06 21:00"",""tu"":""2026-10-06 13:00Z"",""v"":29,""w"":""upstream""}","{""base"":28.39,""delta"":0,""itag_blend"":27.72,""rule_active"":false,""valid"":true,""values"":{""base"":""28.39"",""bf"":1.0,""g"":""28.2"",""g10"":""28.2"",""p"":""28.6666666666667"",""rg"":""0.0"",""rp"":""0.0"",""rs"":""0.0"",""rw"":0.7,""s"":""29.7"",""wt"":0.2}}",2026-10-06T12:55:30.272178+00:00,[1791291330.295296]
2026-10-06 22:00,2026-10-06 21:55:30,2026-10-06T13:55:45.172691+00:00,v25_local_cold_20261005_01,28,28.19,28,28.19,False,0,"{""b"":27.3,""be"":0.89,""br"":0.89,""cr"":""none"",""cs"":0,""e"":28.19,""f"":""2026-10-06 21:55:30"",""m"":27,""n15"":-0.2,""n5"":0.0,""r"":""stable"",""rec"":0,""sp"":1.37,""tm"":""2026-10-06 22:00"",""tu"":""2026-10-06 14:00Z"",""v"":28,""w"":""calm""}","{""base"":27.3,""delta"":0,""itag_blend"":26.835,""rule_active"":false,""valid"":true,""values"":{""base"":""27.3"",""bf"":1.0,""g"":""27.3"",""g10"":""27.35"",""p"":""27.3888888888889"",""rg"":""0.0"",""rp"":""0.0"",""rs"":""0.0"",""rw"":0.7,""s"":""29.2"",""wt"":0.25}}",2026-10-06T13:55:30.272942+00:00,[1791294930.295667]
2026-10-06 23:00,2026-10-06 22:55:30,2026-10-06T14:55:45.173354+00:00,v25_local_cold_20261005_01,28,27.84,28,27.84,False,0,"{""b"":27.03,""be"":0.81,""br"":0.81,""cr"":""none"",""cs"":0,""e"":27.84,""f"":""2026-10-06 22:55:30"",""m"":27,""n15"":0.01,""n5"":0.0,""r"":""stable"",""rec"":0,""sp"":0.71,""tm"":""2026-10-06 23:00"",""tu"":""2026-10-06 15:00Z"",""v"":28,""w"":""calm""}","{""base"":27.03,""delta"":0,""itag_blend"":26.62,""rule_active"":false,""valid"":true,""values"":{""base"":""27.03"",""bf"":1.0,""g"":""27.1"",""g10"":""27.1"",""p"":""27.4444444444444"",""rg"":""0.0"",""rp"":""0.0"",""rs"":""0.0"",""rw"":0.7,""s"":""27.6"",""wt"":0.25}}",2026-10-06T14:55:30.272945+00:00,[1791298530.295395]
2026-10-07 00:00,2026-10-06 23:55:30,2026-10-06T15:55:45.172685+00:00,v25_local_cold_20261005_01,27,26.61,27,26.61,False,0,"{""b"":26.51,""be"":0.1,""br"":0.1,""cr"":""none"",""cs"":0,""e"":26.61,""f"":""2026-10-06 23:55:30"",""m"":27,""n15"":-0.03,""n5"":0.0,""r"":""stable"",""rec"":0,""sp"":1.27,""tm"":""2026-10-07 00:00"",""tu"":""2026-10-06 16:00Z"",""v"":27,""w"":""calm""}","{""base"":26.51,""delta"":0,""itag_blend"":25.835,""rule_active"":false,""valid"":true,""values"":{""base"":""26.51"",""bf"":1.0,""g"":""26.3"",""g10"":""26.35"",""p"":""26.7777777777778"",""rg"":""0.0"",""rp"":""0.0"",""rs"":""0.0"",""rw"":0.7,""s"":""28.1"",""wt"":0.25}}",2026-10-06T15:55:30.272381+00:00,[1791302130.29567]
2026-10-07 01:00,2026-10-07 00:55:30,2026-10-06T16:55:45.172479+00:00,v25_local_cold_20261005_01,26,26.39,26,26.39,False,0,"{""b"":26.3,""be"":0.09,""br"":0.09,""cr"":""low"",""cs"":1,""e"":26.39,""f"":""2026-10-07 00:55:30"",""m"":26,""n15"":-0.05,""n5"":0.0,""r"":""stable"",""rec"":0,""sp"":1.87,""tm"":""2026-10-07 01:00"",""tu"":""2026-10-06 17:00Z"",""v"":26,""w"":""calm""}","{""base"":26.3,""delta"":0,""itag_blend"":25.419999999999998,""rule_active"":false,""valid"":true,""values"":{""base"":""26.3"",""bf"":1.0,""g"":""25.9"",""g10"":""25.9"",""p"":""26.5555555555556"",""rg"":""0.0"",""rp"":""0.0"",""rs"":""0.0"",""rw"":0.78,""s"":""28.3"",""wt"":0.25}}",2026-10-06T16:55:30.272882+00:00,[1791305730.295472]
2026-10-07 03:00,2026-10-07 02:55:30,2026-10-06T18:55:45.172750+00:00,v25_local_cold_20261005_01,26,26.42,26,26.42,False,0,"{""b"":26.27,""be"":0.15,""br"":0.15,""cr"":""low"",""cs"":1,""e"":26.42,""f"":""2026-10-07 02:55:30"",""m"":26,""n15"":-0.03,""n5"":0.0,""r"":""stable"",""rec"":0,""sp"":1.77,""tm"":""2026-10-07 03:00"",""tu"":""2026-10-06 19:00Z"",""v"":26,""w"":""calm""}","{""base"":26.27,""delta"":0,""itag_blend"":25.22,""rule_active"":false,""valid"":true,""values"":{""base"":""26.27"",""bf"":1.0,""g"":""25.7"",""g10"":""25.7"",""p"":""26.6666666666667"",""rg"":""0.0"",""rp"":""0.0"",""rs"":""0.0"",""rw"":0.78,""s"":""28.0"",""wt"":0.25}}",2026-10-06T18:55:30.272614+00:00,[1791312930.295843]
2026-10-07 04:00,2026-10-07 03:55:30,2026-10-06T19:55:45.172933+00:00,v25_local_cold_20261005_01,26,26.25,26,26.25,False,0,"{""b"":26.02,""be"":0.23,""br"":0.23,""cr"":""none"",""cs"":0,""e"":26.25,""f"":""2026-10-07 03:55:30"",""m"":26,""n15"":-0.05,""n5"":0.0,""r"":""stable"",""rec"":0,""sp"":1.24,""tm"":""2026-10-07 04:00"",""tu"":""2026-10-06 20:00Z"",""v"":26,""w"":""calm""}","{""base"":26.02,""delta"":0,""itag_blend"":25.105,""rule_active"":false,""valid"":true,""values"":{""base"":""26.02"",""bf"":1.0,""g"":""25.6"",""g10"":""25.55"",""p"":""26.5"",""rg"":""0.0"",""rp"":""0.0"",""rs"":""0.0"",""rw"":0.7,""s"":""27.2"",""wt"":0.25}}",2026-10-06T19:55:30.272159+00:00,[1791316530.295701]
2026-10-07 05:00,2026-10-07 04:55:30,2026-10-06T20:55:45.172217+00:00,v25_local_cold_20261005_01,26,26.09,26,26.09,False,0,"{""b"":25.66,""be"":0.43,""br"":0.43,""cr"":""low"",""cs"":1,""e"":26.09,""f"":""2026-10-07 04:55:30"",""m"":26,""n15"":-0.11,""n5"":0.0,""r"":""stable"",""rec"":0,""sp"":1.77,""tm"":""2026-10-07 05:00"",""tu"":""2026-10-06 21:00Z"",""v"":26,""w"":""calm""}","{""base"":25.66,""delta"":0,""itag_blend"":24.442,""rule_active"":false,""valid"":true,""values"":{""base"":""25.66"",""bf"":1.0,""g"":""24.9"",""g10"":""25.0"",""p"":""26.1666666666667"",""rg"":""0.0"",""rp"":""0.0"",""rs"":""0.0"",""rw"":0.78,""s"":""27.2"",""wt"":0.25}}",2026-10-06T20:55:30.273870+00:00,[1791320130.295768]
2026-10-07 06:00,2026-10-07 05:55:30,2026-10-06T21:55:45.172508+00:00,v25_local_cold_20261005_01,26,26.26,26,26.26,False,0,"{""b"":25.48,""be"":0.78,""br"":0.78,""cr"":""low"",""cs"":1,""e"":26.26,""f"":""2026-10-07 05:55:30"",""m"":25,""n15"":-0.02,""n5"":0.0,""r"":""stable"",""rec"":0,""sp"":2.07,""tm"":""2026-10-07 06:00"",""tu"":""2026-10-06 22:00Z"",""v"":26,""w"":""calm""}","{""base"":25.48,""delta"":0,""itag_blend"":24.242,""rule_active"":false,""valid"":true,""values"":{""base"":""25.48"",""bf"":1.0,""g"":""24.7"",""g10"":""24.8"",""p"":""25.9444444444444"",""rg"":""0.0"",""rp"":""0.0"",""rs"":""0.0"",""rw"":0.78,""s"":""27.3"",""wt"":0.25}}",2026-10-06T21:55:30.272462+00:00,[1791323730.29538]
2026-10-07 07:00,2026-10-07 06:55:30,2026-10-06T22:55:45.172548+00:00,v25_local_cold_20261005_01,27,26.96,27,26.96,False,0,"{""b"":26.12,""be"":0.84,""br"":0.84,""cr"":""none"",""cs"":0,""e"":26.96,""f"":""2026-10-07 06:55:30"",""m"":26,""n15"":0.22,""n5"":0.0,""r"":""stable"",""rec"":0,""sp"":0.84,""tm"":""2026-10-07 07:00"",""tu"":""2026-10-06 23:00Z"",""v"":27,""w"":""calm""}","{""base"":26.12,""delta"":0,""itag_blend"":25.505,""rule_active"":false,""valid"":true,""values"":{""base"":""26.12"",""bf"":1.0,""g"":""26.0"",""g10"":""25.95"",""p"":""26.5"",""rg"":""0.0"",""rp"":""0.0"",""rs"":""0.0"",""rw"":0.7,""s"":""27.2"",""wt"":0.25}}",2026-10-06T22:55:30.272274+00:00,[1791327330.295471]
2026-10-07 08:00,2026-10-07 07:55:30,2026-10-06T23:55:45.172391+00:00,v25_local_cold_20261005_01,30,30.17,30,30.17,False,0,"{""b"":29.27,""be"":0.9,""br"":0.9,""cr"":""low"",""cs"":1,""e"":30.17,""f"":""2026-10-07 07:55:30"",""m"":29,""n15"":0.36,""n5"":0.0,""r"":""stable"",""rec"":0,""sp"":3.03,""tm"":""2026-10-07 08:00"",""tu"":""2026-10-07 00:00Z"",""v"":30,""w"":""upstream""}","{""base"":29.27,""delta"":0,""itag_blend"":31.065,""rule_active"":false,""valid"":true,""values"":{""base"":""29.27"",""bf"":1.0,""g"":""31.6"",""g10"":""31.35"",""p"":""29.2777777777778"",""rg"":""0.0"",""rp"":""0.0"",""rs"":""0.0"",""rw"":0.78,""s"":""29.1"",""wt"":0.2}}",2026-10-06T23:55:30.272243+00:00,[1791330930.295613]
2026-10-07 09:00,2026-10-07 08:55:30,2026-10-07T00:55:45.172803+00:00,v25_local_cold_20261005_01,32,31.56,32,31.56,False,0,"{""b"":31.04,""be"":0.52,""br"":0.52,""cr"":""low"",""cs"":1,""e"":31.56,""f"":""2026-10-07 08:55:30"",""m"":31,""n15"":0.47,""n5"":0.32,""r"":""heating"",""rec"":0,""sp"":3.53,""tm"":""2026-10-07 09:00"",""tu"":""2026-10-07 01:00Z"",""v"":32,""w"":""calm""}","{""base"":31.04,""delta"":0,""itag_blend"":33.231,""rule_active"":false,""valid"":true,""values"":{""base"":""31.04"",""bf"":0.25,""g"":""33.4"",""g10"":""32.91"",""p"":""30.4444444444444"",""rg"":""0.0"",""rp"":""0.0"",""rs"":""0.0"",""rw"":0.9,""s"":""30.4"",""wt"":0.25}}",2026-10-07T00:55:30.272617+00:00,[1791334530.295963]
2026-10-07 10:00,2026-10-07 09:55:30,2026-10-07T01:55:45.172851+00:00,v25_local_cold_20261005_01,33,32.95,33,32.95,False,0,"{""b"":32.22,""be"":0.73,""br"":0.73,""cr"":""low"",""cs"":1,""e"":32.95,""f"":""2026-10-07 09:55:30"",""m"":32,""n15"":0.16,""n5"":-0.17,""r"":""stable"",""rec"":0,""sp"":4.73,""tm"":""2026-10-07 10:00"",""tu"":""2026-10-07 02:00Z"",""v"":33,""w"":""upstream""}","{""base"":32.22,""delta"":0,""itag_blend"":34.2826,""rule_active"":false,""valid"":true,""values"":{""base"":""32.22"",""bf"":1.0,""g"":""34.8"",""g10"":""34.63"",""p"":""32.3333333333333"",""rg"":""0.0"",""rp"":""0.0"",""rs"":""0.0"",""rw"":0.78,""s"":""30.6"",""wt"":0.2}}",2026-10-07T01:55:30.272309+00:00,[1791338130.296705]
2026-10-07 11:00,2026-10-07 10:55:30,2026-10-07T02:55:45.172431+00:00,v25_local_cold_20261005_01,33,32.79,33,32.79,False,0,"{""b"":32.69,""be"":0.1,""br"":0.39,""cr"":""low"",""cs"":2,""e"":32.79,""f"":""2026-10-07 10:55:30"",""m"":33,""n15"":0.22,""n5"":0.11,""r"":""stable"",""rec"":1,""sp"":5.13,""tm"":""2026-10-07 11:00"",""tu"":""2026-10-07 03:00Z"",""v"":33,""w"":""calm""}","{""base"":32.69,""delta"":0,""itag_blend"":34.50560000000001,""rule_active"":false,""valid"":true,""values"":{""base"":""32.69"",""bf"":1.0,""g"":""35.1"",""g10"":""34.58"",""p"":""32.8888888888889"",""rg"":""0.0"",""rp"":""0.0"",""rs"":""0.0"",""rw"":0.78,""s"":""30.5"",""wt"":0.25}}",2026-10-07T02:55:30.272601+00:00,[1791341730.295963]
2026-10-07 12:00,2026-10-07 11:55:30,2026-10-07T03:55:45.172983+00:00,v25_local_cold_20261005_01,33,32.64,33,32.64,False,0,"{""b"":32.57,""be"":0.07,""br"":0.07,""cr"":""high"",""cs"":6,""e"":32.64,""f"":""2026-10-07 11:55:30"",""m"":33,""n15"":-0.45,""n5"":0.01,""r"":""outflow"",""rec"":0,""sp"":4.0,""tm"":""2026-10-07 12:00"",""tu"":""2026-10-07 04:00Z"",""v"":33,""w"":""calm""}","{""base"":32.57,""delta"":0,""itag_blend"":32.5127,""rule_active"":false,""valid"":true,""values"":{""base"":""32.57"",""bf"":0.25,""g"":""32.6"",""g10"":""33.69"",""p"":""33.8333333333333"",""rg"":""0.0"",""rp"":""0.0"",""rs"":""0.0"",""rw"":0.97,""s"":""30.7"",""wt"":0.3}}",2026-10-07T03:55:30.272981+00:00,[1791345330.29567]
2026-10-07 13:00,2026-10-07 12:55:30,2026-10-07T04:55:45.172279+00:00,v25_local_cold_20261005_01,31,30.86,31,30.86,False,0,"{""b"":30.9,""be"":-0.04,""br"":-0.15,""cr"":""low"",""cs"":2,""e"":30.86,""f"":""2026-10-07 12:55:30"",""m"":31,""n15"":-0.16,""n5"":0.24,""r"":""heating"",""rec"":1,""sp"":3.88,""tm"":""2026-10-07 13:00"",""tu"":""2026-10-07 05:00Z"",""v"":31,""w"":""upstream""}","{""base"":30.9,""delta"":0,""itag_blend"":28.264999999999997,""rule_active"":false,""valid"":true,""values"":{""base"":""30.9"",""bf"":0.25,""g"":""28.4"",""g10"":""28.25"",""p"":""31.9444444444444"",""rg"":""0.0"",""rp"":""0.0"",""rs"":""0.0"",""rw"":0.9,""s"":""30.6"",""wt"":0.2}}",2026-10-07T04:55:30.272981+00:00,[1791348930.295828]
2026-10-07 14:00,2026-10-07 13:55:30,2026-10-07T05:55:45.172803+00:00,v25_local_cold_20261005_01,33,32.75,33,32.75,False,0,"{""b"":32.73,""be"":0.02,""br"":0.08,""cr"":""low"",""cs"":1,""e"":32.75,""f"":""2026-10-07 13:55:30"",""m"":33,""n15"":0.72,""n5"":0.27,""r"":""heating"",""rec"":1,""sp"":1.56,""tm"":""2026-10-07 14:00"",""tu"":""2026-10-07 06:00Z"",""v"":33,""w"":""upstream""}","{""base"":32.73,""delta"":0,""itag_blend"":33.008,""rule_active"":false,""valid"":true,""values"":{""base"":""32.73"",""bf"":0.25,""g"":""33.2"",""g10"":""32.48"",""p"":""32.8888888888889"",""rg"":""0.0"",""rp"":""0.0"",""rs"":""0.0"",""rw"":0.9,""s"":""32.2"",""wt"":0.2}}",2026-10-07T05:55:30.272017+00:00,[1791352530.296014]
2026-10-07 15:00,2026-10-07 14:55:30,2026-10-07T06:55:45.172433+00:00,v25_local_cold_20261005_01,33,33.05,33,33.05,False,0,"{""b"":33.11,""be"":-0.06,""br"":-0.06,""cr"":""low"",""cs"":1,""e"":33.05,""f"":""2026-10-07 14:55:30"",""m"":33,""n15"":0.04,""n5"":0.03,""r"":""stable"",""rec"":0,""sp"":2.34,""tm"":""2026-10-07 15:00"",""tu"":""2026-10-07 07:00Z"",""v"":33,""w"":""upstream""}","{""base"":33.11,""delta"":0,""itag_blend"":33.159600000000005,""rule_active"":false,""valid"":true,""values"":{""base"":""33.11"",""bf"":1.0,""g"":""33.6"",""g10"":""33.78"",""p"":""33.6666666666667"",""rg"":""0.0"",""rp"":""0.0"",""rs"":""0.0"",""rw"":0.78,""s"":""32.2"",""wt"":0.2}}",2026-10-07T06:55:30.272016+00:00,[1791356130.296535]
2026-10-07 16:00,2026-10-07 15:55:30,2026-10-07T07:55:45.172048+00:00,v25_local_cold_20261005_01,33,33.14,33,33.14,False,0,"{""b"":33.18,""be"":-0.04,""br"":-0.14,""cr"":""low"",""cs"":2,""e"":33.14,""f"":""2026-10-07 15:55:30"",""m"":33,""n15"":0.35,""n5"":-0.03,""r"":""stable"",""rec"":1,""sp"":2.93,""tm"":""2026-10-07 16:00"",""tu"":""2026-10-07 08:00Z"",""v"":33,""w"":""upstream""}","{""base"":33.18,""delta"":0,""itag_blend"":34.156200000000005,""rule_active"":false,""valid"":true,""values"":{""base"":""33.18"",""bf"":1.0,""g"":""34.7"",""g10"":""34.41"",""p"":""33.3888888888889"",""rg"":""0.0"",""rp"":""0.0"",""rs"":""0.0"",""rw"":0.78,""s"":""32.3"",""wt"":0.2}}",2026-10-07T07:55:30.272289+00:00,[1791359730.295551]
2026-10-07 17:00,2026-10-07 16:55:30,2026-10-07T08:55:45.172020+00:00,v25_local_cold_20261005_01,32,32.46,32,32.46,False,0,"{""b"":32.52,""be"":-0.06,""br"":-0.06,""cr"":""low"",""cs"":1,""e"":32.46,""f"":""2026-10-07 16:55:30"",""m"":33,""n15"":-0.1,""n5"":0.0,""r"":""stable"",""rec"":0,""sp"":1.23,""tm"":""2026-10-07 17:00"",""tu"":""2026-10-07 09:00Z"",""v"":32,""w"":""upstream""}","{""base"":32.52,""delta"":0,""itag_blend"":32.73100000000001,""rule_active"":false,""valid"":true,""values"":{""base"":""32.52"",""bf"":1.0,""g"":""33.2"",""g10"":""33.25"",""p"":""32.8333333333333"",""rg"":""0.0"",""rp"":""0.0"",""rs"":""0.0"",""rw"":0.78,""s"":""32.5"",""wt"":0.2}}",2026-10-07T08:55:30.272794+00:00,[1791363330.296673]
2026-10-07 18:00,2026-10-07 17:55:30,2026-10-07T09:55:45.173270+00:00,v25_local_cold_20261005_01,30,30.38,30,30.38,False,0,"{""b"":30.26,""be"":0.12,""br"":0.12,""cr"":""low"",""cs"":1,""e"":30.38,""f"":""2026-10-07 17:55:30"",""m"":30,""n15"":-0.08,""n5"":0.0,""r"":""stable"",""rec"":0,""sp"":3.96,""tm"":""2026-10-07 18:00"",""tu"":""2026-10-07 10:00Z"",""v"":30,""w"":""upstream""}","{""base"":30.26,""delta"":0,""itag_blend"":27.631,""rule_active"":false,""valid"":true,""values"":{""base"":""30.26"",""bf"":1.0,""g"":""28.1"",""g10"":""28.15"",""p"":""31.7222222222222"",""rg"":""0.0"",""rp"":""0.0"",""rs"":""0.0"",""rw"":0.78,""s"":""29.0"",""wt"":0.2}}",2026-10-07T09:55:30.272442+00:00,[1791366930.295077]
